{
    "epoch": 0,
    "loss": 0.0213891339302063,
    "accuracy": 0.5032,
    "precision": 0.503870595423183,
    "recall": 0.5046536204137805,
    "f1": 0.499071014270288,
    "confusion_matrix": [
        [
            252,
            35,
            30,
            11,
            15,
            6,
            10,
            11,
            120,
            18
        ],
        [
            15,
            327,
            2,
            6,
            6,
            1,
            24,
            6,
            37,
            86
        ],
        [
            57,
            7,
            171,
            31,
            114,
            23,
            57,
            20,
            14,
            5
        ],
        [
            16,
            8,
            72,
            142,
            34,
            101,
            87,
            36,
            17,
            15
        ],
        [
            29,
            4,
            78,
            19,
            217,
            17,
            72,
            35,
            10,
            6
        ],
        [
            5,
            6,
            59,
            69,
            49,
            209,
            43,
            49,
            4,
            6
        ],
        [
            4,
            4,
            21,
            18,
            92,
            10,
            325,
            8,
            9,
            6
        ],
        [
            7,
            10,
            26,
            21,
            65,
            37,
            32,
            251,
            5,
            28
        ],
        [
            71,
            42,
            7,
            4,
            2,
            6,
            6,
            1,
            324,
            20
        ],
        [
            25,
            92,
            6,
            2,
            2,
            1,
            25,
            9,
            47,
            298
        ]
    ]
}