{
    "loss": 0.021847880232334138,
    "accuracy": 0.4852,
    "precision": 0.4945647953890349,
    "recall": 0.4852,
    "f1": 0.4678093676224666,
    "confusion_matrix": [
        [
            211,
            34,
            108,
            22,
            17,
            7,
            41,
            14,
            488,
            58
        ],
        [
            13,
            629,
            2,
            4,
            3,
            3,
            23,
            8,
            140,
            175
        ],
        [
            28,
            21,
            234,
            84,
            264,
            64,
            141,
            68,
            72,
            24
        ],
        [
            8,
            19,
            92,
            327,
            74,
            115,
            204,
            68,
            35,
            58
        ],
        [
            21,
            10,
            96,
            52,
            457,
            28,
            172,
            118,
            35,
            11
        ],
        [
            4,
            11,
            77,
            214,
            83,
            320,
            108,
            132,
            34,
            17
        ],
        [
            3,
            21,
            32,
            45,
            107,
            7,
            723,
            26,
            14,
            22
        ],
        [
            7,
            9,
            31,
            77,
            80,
            62,
            62,
            592,
            22,
            58
        ],
        [
            19,
            55,
            29,
            11,
            3,
            2,
            20,
            7,
            794,
            60
        ],
        [
            14,
            204,
            5,
            13,
            4,
            2,
            45,
            20,
            128,
            565
        ]
    ]
}